ycpu,endpoint,id,instance,job,metrics_path,namespace,node,pod,service,value
total,https-metrics,/kubepods.slice/kubepods-burstable.slice/kubepods-burstable-pod063f4bbe_59f9_414f_8706_deb142f36dfe.slice,192.168.49.2:10250,kubelet,/metrics/cadvisor,hipster-shop,minikube,frontend-76dbbddfc5-5gkwg,prometheus-kube-prometheus-kubelet,0.00035817782301133204
total,https-metrics,/kubepods.slice/kubepods-burstable.slice/kubepods-burstable-pod063f4bbe_59f9_414f_8706_deb142f36dfe.slice,192.168.49.2:10250,kubelet,/metrics/cadvisor,hipster-shop,minikube,frontend-76dbbddfc5-5gkwg,prometheus-kube-prometheus-kubelet,0.0003158704526898302
total,https-metrics,/kubepods.slice/kubepods-burstable.slice/kubepods-burstable-pod063f4bbe_59f9_414f_8706_deb142f36dfe.slice,192.168.49.2:10250,kubelet,/metrics/cadvisor,hipster-shop,minikube,frontend-76dbbddfc5-5gkwg,prometheus-kube-prometheus-kubelet,0.00030605640918166487
total,https-metrics,/kubepods.slice/kubepods-burstable.slice/kubepods-burstable-pod063f4bbe_59f9_414f_8706_deb142f36dfe.slice,192.168.49.2:10250,kubelet,/metrics/cadvisor,hipster-shop,minikube,frontend-76dbbddfc5-5gkwg,prometheus-kube-prometheus-kubelet,0.00030396885062199455
total,https-metrics,/kubepods.slice/kubepods-burstable.slice/kubepods-burstable-pod063f4bbe_59f9_414f_8706_deb142f36dfe.slice,192.168.49.2:10250,kubelet,/metrics/cadvisor,hipster-shop,minikube,frontend-76dbbddfc5-5gkwg,prometheus-kube-prometheus-kubelet,0.0003314742727723122
total,https-metrics,/kubepods.slice/kubepods-burstable.slice/kubepods-burstable-pod063f4bbe_59f9_414f_8706_deb142f36dfe.slice,192.168.49.2:10250,kubelet,/metrics/cadvisor,hipster-shop,minikube,frontend-76dbbddfc5-5gkwg,prometheus-kube-prometheus-kubelet,0.00031286145024961667
total,https-metrics,/kubepods.slice/kubepods-burstable.slice/kubepods-burstable-pod063f4bbe_59f9_414f_8706_deb142f36dfe.slice,192.168.49.2:10250,kubelet,/metrics/cadvisor,hipster-shop,minikube,frontend-76dbbddfc5-5gkwg,prometheus-kube-prometheus-kubelet,0.0003428144566628156
total,https-metrics,/kubepods.slice/kubepods-burstable.slice/kubepods-burstable-pod063f4bbe_59f9_414f_8706_deb142f36dfe.slice,192.168.49.2:10250,kubelet,/metrics/cadvisor,hipster-shop,minikube,frontend-76dbbddfc5-5gkwg,prometheus-kube-prometheus-kubelet,0.0003634552039812346
total,https-metrics,/kubepods.slice/kubepods-burstable.slice/kubepods-burstable-pod063f4bbe_59f9_414f_8706_deb142f36dfe.slice,192.168.49.2:10250,kubelet,/metrics/cadvisor,hipster-shop,minikube,frontend-76dbbddfc5-5gkwg,prometheus-kube-prometheus-kubelet,0.0003677807319144197
total,https-metrics,/kubepods.slice/kubepods-burstable.slice/kubepods-burstable-pod063f4bbe_59f9_414f_8706_deb142f36dfe.slice,192.168.49.2:10250,kubelet,/metrics/cadvisor,hipster-shop,minikube,frontend-76dbbddfc5-5gkwg,prometheus-kube-prometheus-kubelet,0.0003155187796096495
total,https-metrics,/kubepods.slice/kubepods-burstable.slice/kubepods-burstable-pod063f4bbe_59f9_414f_8706_deb142f36dfe.slice,192.168.49.2:10250,kubelet,/metrics/cadvisor,hipster-shop,minikube,frontend-76dbbddfc5-5gkwg,prometheus-kube-prometheus-kubelet,0.00032879475882356923
total,https-metrics,/kubepods.slice/kubepods-burstable.slice/kubepods-burstable-pod063f4bbe_59f9_414f_8706_deb142f36dfe.slice,192.168.49.2:10250,kubelet,/metrics/cadvisor,hipster-shop,minikube,frontend-76dbbddfc5-5gkwg,prometheus-kube-prometheus-kubelet,0.0003272776591527157
total,https-metrics,/kubepods.slice/kubepods-burstable.slice/kubepods-burstable-pod063f4bbe_59f9_414f_8706_deb142f36dfe.slice,192.168.49.2:10250,kubelet,/metrics/cadvisor,hipster-shop,minikube,frontend-76dbbddfc5-5gkwg,prometheus-kube-prometheus-kubelet,0.0003438710677204402
total,https-metrics,/kubepods.slice/kubepods-burstable.slice/kubepods-burstable-pod063f4bbe_59f9_414f_8706_deb142f36dfe.slice,192.168.49.2:10250,kubelet,/metrics/cadvisor,hipster-shop,minikube,frontend-76dbbddfc5-5gkwg,prometheus-kube-prometheus-kubelet,0.00031690517912772576
total,https-metrics,/kubepods.slice/kubepods-burstable.slice/kubepods-burstable-pod063f4bbe_59f9_414f_8706_deb142f36dfe.slice,192.168.49.2:10250,kubelet,/metrics/cadvisor,hipster-shop,minikube,frontend-76dbbddfc5-5gkwg,prometheus-kube-prometheus-kubelet,0.0003265520560760333
total,https-metrics,/kubepods.slice/kubepods-burstable.slice/kubepods-burstable-pod063f4bbe_59f9_414f_8706_deb142f36dfe.slice,192.168.49.2:10250,kubelet,/metrics/cadvisor,hipster-shop,minikube,frontend-76dbbddfc5-5gkwg,prometheus-kube-prometheus-kubelet,0.00033025794340540884
total,https-metrics,/kubepods.slice/kubepods-burstable.slice/kubepods-burstable-pod063f4bbe_59f9_414f_8706_deb142f36dfe.slice,192.168.49.2:10250,kubelet,/metrics/cadvisor,hipster-shop,minikube,frontend-76dbbddfc5-5gkwg,prometheus-kube-prometheus-kubelet,0.0003018097460863934
total,https-metrics,/kubepods.slice/kubepods-burstable.slice/kubepods-burstable-pod063f4bbe_59f9_414f_8706_deb142f36dfe.slice,192.168.49.2:10250,kubelet,/metrics/cadvisor,hipster-shop,minikube,frontend-76dbbddfc5-5gkwg,prometheus-kube-prometheus-kubelet,0.00028926476033151987
total,https-metrics,/kubepods.slice/kubepods-burstable.slice/kubepods-burstable-pod063f4bbe_59f9_414f_8706_deb142f36dfe.slice,192.168.49.2:10250,kubelet,/metrics/cadvisor,hipster-shop,minikube,frontend-76dbbddfc5-5gkwg,prometheus-kube-prometheus-kubelet,0.0002893305579802593
total,https-metrics,/kubepods.slice/kubepods-burstable.slice/kubepods-burstable-pod063f4bbe_59f9_414f_8706_deb142f36dfe.slice,192.168.49.2:10250,kubelet,/metrics/cadvisor,hipster-shop,minikube,frontend-76dbbddfc5-5gkwg,prometheus-kube-prometheus-kubelet,0.00027963337656722895
total,https-metrics,/kubepods.slice/kubepods-burstable.slice/kubepods-burstable-pod063f4bbe_59f9_414f_8706_deb142f36dfe.slice,192.168.49.2:10250,kubelet,/metrics/cadvisor,hipster-shop,minikube,frontend-76dbbddfc5-5gkwg,prometheus-kube-prometheus-kubelet,0.0003103536603517567
total,https-metrics,/kubepods.slice/kubepods-burstable.slice/kubepods-burstable-pod063f4bbe_59f9_414f_8706_deb142f36dfe.slice,192.168.49.2:10250,kubelet,/metrics/cadvisor,hipster-shop,minikube,frontend-76dbbddfc5-5gkwg,prometheus-kube-prometheus-kubelet,0.00027979929559307834
total,https-metrics,/kubepods.slice/kubepods-burstable.slice/kubepods-burstable-pod063f4bbe_59f9_414f_8706_deb142f36dfe.slice,192.168.49.2:10250,kubelet,/metrics/cadvisor,hipster-shop,minikube,frontend-76dbbddfc5-5gkwg,prometheus-kube-prometheus-kubelet,0.0002854604016941814
total,https-metrics,/kubepods.slice/kubepods-burstable.slice/kubepods-burstable-pod063f4bbe_59f9_414f_8706_deb142f36dfe.slice,192.168.49.2:10250,kubelet,/metrics/cadvisor,hipster-shop,minikube,frontend-76dbbddfc5-5gkwg,prometheus-kube-prometheus-kubelet,0.0002846799082060612
total,https-metrics,/kubepods.slice/kubepods-burstable.slice/kubepods-burstable-pod063f4bbe_59f9_414f_8706_deb142f36dfe.slice,192.168.49.2:10250,kubelet,/metrics/cadvisor,hipster-shop,minikube,frontend-76dbbddfc5-5gkwg,prometheus-kube-prometheus-kubelet,0.0002909106280448497
total,https-metrics,/kubepods.slice/kubepods-burstable.slice/kubepods-burstable-pod063f4bbe_59f9_414f_8706_deb142f36dfe.slice,192.168.49.2:10250,kubelet,/metrics/cadvisor,hipster-shop,minikube,frontend-76dbbddfc5-5gkwg,prometheus-kube-prometheus-kubelet,0.0002754014907763033
total,https-metrics,/kubepods.slice/kubepods-burstable.slice/kubepods-burstable-pod063f4bbe_59f9_414f_8706_deb142f36dfe.slice,192.168.49.2:10250,kubelet,/metrics/cadvisor,hipster-shop,minikube,frontend-76dbbddfc5-5gkwg,prometheus-kube-prometheus-kubelet,0.0002879430034165647
total,https-metrics,/kubepods.slice/kubepods-burstable.slice/kubepods-burstable-pod063f4bbe_59f9_414f_8706_deb142f36dfe.slice,192.168.49.2:10250,kubelet,/metrics/cadvisor,hipster-shop,minikube,frontend-76dbbddfc5-5gkwg,prometheus-kube-prometheus-kubelet,0.00027693718005835093
total,https-metrics,/kubepods.slice/kubepods-burstable.slice/kubepods-burstable-pod063f4bbe_59f9_414f_8706_deb142f36dfe.slice,192.168.49.2:10250,kubelet,/metrics/cadvisor,hipster-shop,minikube,frontend-76dbbddfc5-5gkwg,prometheus-kube-prometheus-kubelet,0.0002505746911516776
total,https-metrics,/kubepods.slice/kubepods-burstable.slice/kubepods-burstable-pod063f4bbe_59f9_414f_8706_deb142f36dfe.slice,192.168.49.2:10250,kubelet,/metrics/cadvisor,hipster-shop,minikube,frontend-76dbbddfc5-5gkwg,prometheus-kube-prometheus-kubelet,0.00020508214201580348
total,https-metrics,/kubepods.slice/kubepods-burstable.slice/kubepods-burstable-pod063f4bbe_59f9_414f_8706_deb142f36dfe.slice,192.168.49.2:10250,kubelet,/metrics/cadvisor,hipster-shop,minikube,frontend-76dbbddfc5-5gkwg,prometheus-kube-prometheus-kubelet,0.00018020465274073874
total,https-metrics,/kubepods.slice/kubepods-burstable.slice/kubepods-burstable-pod063f4bbe_59f9_414f_8706_deb142f36dfe.slice,192.168.49.2:10250,kubelet,/metrics/cadvisor,hipster-shop,minikube,frontend-76dbbddfc5-5gkwg,prometheus-kube-prometheus-kubelet,0.00015754538930138088
total,https-metrics,/kubepods.slice/kubepods-burstable.slice/kubepods-burstable-pod063f4bbe_59f9_414f_8706_deb142f36dfe.slice,192.168.49.2:10250,kubelet,/metrics/cadvisor,hipster-shop,minikube,frontend-76dbbddfc5-5gkwg,prometheus-kube-prometheus-kubelet,0.000129107955111823
total,https-metrics,/kubepods.slice/kubepods-burstable.slice/kubepods-burstable-pod063f4bbe_59f9_414f_8706_deb142f36dfe.slice,192.168.49.2:10250,kubelet,/metrics/cadvisor,hipster-shop,minikube,frontend-76dbbddfc5-5gkwg,prometheus-kube-prometheus-kubelet,8.870777886122679e-05
total,https-metrics,/kubepods.slice/kubepods-burstable.slice/kubepods-burstable-pod063f4bbe_59f9_414f_8706_deb142f36dfe.slice,192.168.49.2:10250,kubelet,/metrics/cadvisor,hipster-shop,minikube,frontend-76dbbddfc5-5gkwg,prometheus-kube-prometheus-kubelet,6.346188816282965e-05
total,https-metrics,/kubepods.slice/kubepods-burstable.slice/kubepods-burstable-pod063f4bbe_59f9_414f_8706_deb142f36dfe.slice,192.168.49.2:10250,kubelet,/metrics/cadvisor,hipster-shop,minikube,frontend-76dbbddfc5-5gkwg,prometheus-kube-prometheus-kubelet,3.228729435727722e-05
total,https-metrics,/kubepods.slice/kubepods-burstable.slice/kubepods-burstable-pod2412a856_6d0a_44bb_98f1_c2799d578d9b.slice,192.168.49.2:10250,kubelet,/metrics/cadvisor,hipster-shop,minikube,frontend-76dbbddfc5-7xm6x,prometheus-kube-prometheus-kubelet,4.848364383840555e-05
total,https-metrics,/kubepods.slice/kubepods-burstable.slice/kubepods-burstable-pod2412a856_6d0a_44bb_98f1_c2799d578d9b.slice,192.168.49.2:10250,kubelet,/metrics/cadvisor,hipster-shop,minikube,frontend-76dbbddfc5-7xm6x,prometheus-kube-prometheus-kubelet,7.644010865332179e-05
total,https-metrics,/kubepods.slice/kubepods-burstable.slice/kubepods-burstable-pod64901fa4_ace9_4666_bac0_7bb41324c22a.slice,192.168.49.2:10250,kubelet,/metrics/cadvisor,hipster-shop,minikube,frontend-76dbbddfc5-q6jrb,prometheus-kube-prometheus-kubelet,0.000387444603288063
total,https-metrics,/kubepods.slice/kubepods-burstable.slice/kubepods-burstable-pod64901fa4_ace9_4666_bac0_7bb41324c22a.slice,192.168.49.2:10250,kubelet,/metrics/cadvisor,hipster-shop,minikube,frontend-76dbbddfc5-q6jrb,prometheus-kube-prometheus-kubelet,0.0003626722413601513
total,https-metrics,/kubepods.slice/kubepods-burstable.slice/kubepods-burstable-pod64901fa4_ace9_4666_bac0_7bb41324c22a.slice,192.168.49.2:10250,kubelet,/metrics/cadvisor,hipster-shop,minikube,frontend-76dbbddfc5-q6jrb,prometheus-kube-prometheus-kubelet,0.00035999943890361756
total,https-metrics,/kubepods.slice/kubepods-burstable.slice/kubepods-burstable-pod64901fa4_ace9_4666_bac0_7bb41324c22a.slice,192.168.49.2:10250,kubelet,/metrics/cadvisor,hipster-shop,minikube,frontend-76dbbddfc5-q6jrb,prometheus-kube-prometheus-kubelet,0.0003398956116347421
total,https-metrics,/kubepods.slice/kubepods-burstable.slice/kubepods-burstable-pod64901fa4_ace9_4666_bac0_7bb41324c22a.slice,192.168.49.2:10250,kubelet,/metrics/cadvisor,hipster-shop,minikube,frontend-76dbbddfc5-q6jrb,prometheus-kube-prometheus-kubelet,0.00034205030815015285
total,https-metrics,/kubepods.slice/kubepods-burstable.slice/kubepods-burstable-pod64901fa4_ace9_4666_bac0_7bb41324c22a.slice,192.168.49.2:10250,kubelet,/metrics/cadvisor,hipster-shop,minikube,frontend-76dbbddfc5-q6jrb,prometheus-kube-prometheus-kubelet,0.0003396454947245811
total,https-metrics,/kubepods.slice/kubepods-burstable.slice/kubepods-burstable-pod64901fa4_ace9_4666_bac0_7bb41324c22a.slice,192.168.49.2:10250,kubelet,/metrics/cadvisor,hipster-shop,minikube,frontend-76dbbddfc5-q6jrb,prometheus-kube-prometheus-kubelet,0.0003182017367039083
total,https-metrics,/kubepods.slice/kubepods-burstable.slice/kubepods-burstable-pod64901fa4_ace9_4666_bac0_7bb41324c22a.slice,192.168.49.2:10250,kubelet,/metrics/cadvisor,hipster-shop,minikube,frontend-76dbbddfc5-q6jrb,prometheus-kube-prometheus-kubelet,0.0003213794512402
total,https-metrics,/kubepods.slice/kubepods-burstable.slice/kubepods-burstable-pod64901fa4_ace9_4666_bac0_7bb41324c22a.slice,192.168.49.2:10250,kubelet,/metrics/cadvisor,hipster-shop,minikube,frontend-76dbbddfc5-q6jrb,prometheus-kube-prometheus-kubelet,0.0003371639830644958
total,https-metrics,/kubepods.slice/kubepods-burstable.slice/kubepods-burstable-pod64901fa4_ace9_4666_bac0_7bb41324c22a.slice,192.168.49.2:10250,kubelet,/metrics/cadvisor,hipster-shop,minikube,frontend-76dbbddfc5-q6jrb,prometheus-kube-prometheus-kubelet,0.0002982849381172191
total,https-metrics,/kubepods.slice/kubepods-burstable.slice/kubepods-burstable-pod64901fa4_ace9_4666_bac0_7bb41324c22a.slice,192.168.49.2:10250,kubelet,/metrics/cadvisor,hipster-shop,minikube,frontend-76dbbddfc5-q6jrb,prometheus-kube-prometheus-kubelet,0.00030216834002446107
total,https-metrics,/kubepods.slice/kubepods-burstable.slice/kubepods-burstable-pod64901fa4_ace9_4666_bac0_7bb41324c22a.slice,192.168.49.2:10250,kubelet,/metrics/cadvisor,hipster-shop,minikube,frontend-76dbbddfc5-q6jrb,prometheus-kube-prometheus-kubelet,0.0003074510170277138
total,https-metrics,/kubepods.slice/kubepods-burstable.slice/kubepods-burstable-pod64901fa4_ace9_4666_bac0_7bb41324c22a.slice,192.168.49.2:10250,kubelet,/metrics/cadvisor,hipster-shop,minikube,frontend-76dbbddfc5-q6jrb,prometheus-kube-prometheus-kubelet,0.0003154377048175121
total,https-metrics,/kubepods.slice/kubepods-burstable.slice/kubepods-burstable-pod64901fa4_ace9_4666_bac0_7bb41324c22a.slice,192.168.49.2:10250,kubelet,/metrics/cadvisor,hipster-shop,minikube,frontend-76dbbddfc5-q6jrb,prometheus-kube-prometheus-kubelet,0.0002984147825968023
total,https-metrics,/kubepods.slice/kubepods-burstable.slice/kubepods-burstable-pod64901fa4_ace9_4666_bac0_7bb41324c22a.slice,192.168.49.2:10250,kubelet,/metrics/cadvisor,hipster-shop,minikube,frontend-76dbbddfc5-q6jrb,prometheus-kube-prometheus-kubelet,0.0002923290061060087
total,https-metrics,/kubepods.slice/kubepods-burstable.slice/kubepods-burstable-pod64901fa4_ace9_4666_bac0_7bb41324c22a.slice,192.168.49.2:10250,kubelet,/metrics/cadvisor,hipster-shop,minikube,frontend-76dbbddfc5-q6jrb,prometheus-kube-prometheus-kubelet,0.00031231444052636073
total,https-metrics,/kubepods.slice/kubepods-burstable.slice/kubepods-burstable-pod64901fa4_ace9_4666_bac0_7bb41324c22a.slice,192.168.49.2:10250,kubelet,/metrics/cadvisor,hipster-shop,minikube,frontend-76dbbddfc5-q6jrb,prometheus-kube-prometheus-kubelet,0.0003094813091049706
total,https-metrics,/kubepods.slice/kubepods-burstable.slice/kubepods-burstable-pod64901fa4_ace9_4666_bac0_7bb41324c22a.slice,192.168.49.2:10250,kubelet,/metrics/cadvisor,hipster-shop,minikube,frontend-76dbbddfc5-q6jrb,prometheus-kube-prometheus-kubelet,0.0002796519276226045
total,https-metrics,/kubepods.slice/kubepods-burstable.slice/kubepods-burstable-pod64901fa4_ace9_4666_bac0_7bb41324c22a.slice,192.168.49.2:10250,kubelet,/metrics/cadvisor,hipster-shop,minikube,frontend-76dbbddfc5-q6jrb,prometheus-kube-prometheus-kubelet,0.0002769042591719452
total,https-metrics,/kubepods.slice/kubepods-burstable.slice/kubepods-burstable-pod64901fa4_ace9_4666_bac0_7bb41324c22a.slice,192.168.49.2:10250,kubelet,/metrics/cadvisor,hipster-shop,minikube,frontend-76dbbddfc5-q6jrb,prometheus-kube-prometheus-kubelet,0.0002800552938108795
total,https-metrics,/kubepods.slice/kubepods-burstable.slice/kubepods-burstable-pod64901fa4_ace9_4666_bac0_7bb41324c22a.slice,192.168.49.2:10250,kubelet,/metrics/cadvisor,hipster-shop,minikube,frontend-76dbbddfc5-q6jrb,prometheus-kube-prometheus-kubelet,0.0003040310185832055
total,https-metrics,/kubepods.slice/kubepods-burstable.slice/kubepods-burstable-pod64901fa4_ace9_4666_bac0_7bb41324c22a.slice,192.168.49.2:10250,kubelet,/metrics/cadvisor,hipster-shop,minikube,frontend-76dbbddfc5-q6jrb,prometheus-kube-prometheus-kubelet,0.00028168730214439845
total,https-metrics,/kubepods.slice/kubepods-burstable.slice/kubepods-burstable-pod64901fa4_ace9_4666_bac0_7bb41324c22a.slice,192.168.49.2:10250,kubelet,/metrics/cadvisor,hipster-shop,minikube,frontend-76dbbddfc5-q6jrb,prometheus-kube-prometheus-kubelet,0.0002774296378053383
total,https-metrics,/kubepods.slice/kubepods-burstable.slice/kubepods-burstable-pod64901fa4_ace9_4666_bac0_7bb41324c22a.slice,192.168.49.2:10250,kubelet,/metrics/cadvisor,hipster-shop,minikube,frontend-76dbbddfc5-q6jrb,prometheus-kube-prometheus-kubelet,0.0002723983578581022
total,https-metrics,/kubepods.slice/kubepods-burstable.slice/kubepods-burstable-pod64901fa4_ace9_4666_bac0_7bb41324c22a.slice,192.168.49.2:10250,kubelet,/metrics/cadvisor,hipster-shop,minikube,frontend-76dbbddfc5-q6jrb,prometheus-kube-prometheus-kubelet,0.00028175892934735375
total,https-metrics,/kubepods.slice/kubepods-burstable.slice/kubepods-burstable-pod64901fa4_ace9_4666_bac0_7bb41324c22a.slice,192.168.49.2:10250,kubelet,/metrics/cadvisor,hipster-shop,minikube,frontend-76dbbddfc5-q6jrb,prometheus-kube-prometheus-kubelet,0.0002668058164614203
total,https-metrics,/kubepods.slice/kubepods-burstable.slice/kubepods-burstable-pod64901fa4_ace9_4666_bac0_7bb41324c22a.slice,192.168.49.2:10250,kubelet,/metrics/cadvisor,hipster-shop,minikube,frontend-76dbbddfc5-q6jrb,prometheus-kube-prometheus-kubelet,0.0002680239789424968
total,https-metrics,/kubepods.slice/kubepods-burstable.slice/kubepods-burstable-pod64901fa4_ace9_4666_bac0_7bb41324c22a.slice,192.168.49.2:10250,kubelet,/metrics/cadvisor,hipster-shop,minikube,frontend-76dbbddfc5-q6jrb,prometheus-kube-prometheus-kubelet,0.00026507123306208577
total,https-metrics,/kubepods.slice/kubepods-burstable.slice/kubepods-burstable-pod64901fa4_ace9_4666_bac0_7bb41324c22a.slice,192.168.49.2:10250,kubelet,/metrics/cadvisor,hipster-shop,minikube,frontend-76dbbddfc5-q6jrb,prometheus-kube-prometheus-kubelet,0.00022713599999999996
total,https-metrics,/kubepods.slice/kubepods-burstable.slice/kubepods-burstable-pod64901fa4_ace9_4666_bac0_7bb41324c22a.slice,192.168.49.2:10250,kubelet,/metrics/cadvisor,hipster-shop,minikube,frontend-76dbbddfc5-q6jrb,prometheus-kube-prometheus-kubelet,0.00018097791305572307
total,https-metrics,/kubepods.slice/kubepods-burstable.slice/kubepods-burstable-pod64901fa4_ace9_4666_bac0_7bb41324c22a.slice,192.168.49.2:10250,kubelet,/metrics/cadvisor,hipster-shop,minikube,frontend-76dbbddfc5-q6jrb,prometheus-kube-prometheus-kubelet,0.00015783032652085584
total,https-metrics,/kubepods.slice/kubepods-burstable.slice/kubepods-burstable-pod64901fa4_ace9_4666_bac0_7bb41324c22a.slice,192.168.49.2:10250,kubelet,/metrics/cadvisor,hipster-shop,minikube,frontend-76dbbddfc5-q6jrb,prometheus-kube-prometheus-kubelet,0.00013475614461964792
total,https-metrics,/kubepods.slice/kubepods-burstable.slice/kubepods-burstable-pod64901fa4_ace9_4666_bac0_7bb41324c22a.slice,192.168.49.2:10250,kubelet,/metrics/cadvisor,hipster-shop,minikube,frontend-76dbbddfc5-q6jrb,prometheus-kube-prometheus-kubelet,0.00011787786775483733
total,https-metrics,/kubepods.slice/kubepods-burstable.slice/kubepods-burstable-pod64901fa4_ace9_4666_bac0_7bb41324c22a.slice,192.168.49.2:10250,kubelet,/metrics/cadvisor,hipster-shop,minikube,frontend-76dbbddfc5-q6jrb,prometheus-kube-prometheus-kubelet,8.831449845705772e-05
total,https-metrics,/kubepods.slice/kubepods-burstable.slice/kubepods-burstable-pod64901fa4_ace9_4666_bac0_7bb41324c22a.slice,192.168.49.2:10250,kubelet,/metrics/cadvisor,hipster-shop,minikube,frontend-76dbbddfc5-q6jrb,prometheus-kube-prometheus-kubelet,5.9349374756624025e-05
total,https-metrics,/kubepods.slice/kubepods-burstable.slice/kubepods-burstable-pod64901fa4_ace9_4666_bac0_7bb41324c22a.slice,192.168.49.2:10250,kubelet,/metrics/cadvisor,hipster-shop,minikube,frontend-76dbbddfc5-q6jrb,prometheus-kube-prometheus-kubelet,3.616873052930184e-05
total,https-metrics,/kubepods.slice/kubepods-burstable.slice/kubepods-burstable-pod76eeaae6_47b2_4109_838d_5b7fc2d64d31.slice,192.168.49.2:10250,kubelet,/metrics/cadvisor,hipster-shop,minikube,frontend-76dbbddfc5-7fpj2,prometheus-kube-prometheus-kubelet,0.00032802346537994805
total,https-metrics,/kubepods.slice/kubepods-burstable.slice/kubepods-burstable-pod76eeaae6_47b2_4109_838d_5b7fc2d64d31.slice,192.168.49.2:10250,kubelet,/metrics/cadvisor,hipster-shop,minikube,frontend-76dbbddfc5-7fpj2,prometheus-kube-prometheus-kubelet,0.00029087377677277103
total,https-metrics,/kubepods.slice/kubepods-burstable.slice/kubepods-burstable-pod76eeaae6_47b2_4109_838d_5b7fc2d64d31.slice,192.168.49.2:10250,kubelet,/metrics/cadvisor,hipster-shop,minikube,frontend-76dbbddfc5-7fpj2,prometheus-kube-prometheus-kubelet,0.00028853435152426983
total,https-metrics,/kubepods.slice/kubepods-burstable.slice/kubepods-burstable-pod76eeaae6_47b2_4109_838d_5b7fc2d64d31.slice,192.168.49.2:10250,kubelet,/metrics/cadvisor,hipster-shop,minikube,frontend-76dbbddfc5-7fpj2,prometheus-kube-prometheus-kubelet,0.0002766970732043746
total,https-metrics,/kubepods.slice/kubepods-burstable.slice/kubepods-burstable-pod76eeaae6_47b2_4109_838d_5b7fc2d64d31.slice,192.168.49.2:10250,kubelet,/metrics/cadvisor,hipster-shop,minikube,frontend-76dbbddfc5-7fpj2,prometheus-kube-prometheus-kubelet,0.0002983652724132184
total,https-metrics,/kubepods.slice/kubepods-burstable.slice/kubepods-burstable-pod76eeaae6_47b2_4109_838d_5b7fc2d64d31.slice,192.168.49.2:10250,kubelet,/metrics/cadvisor,hipster-shop,minikube,frontend-76dbbddfc5-7fpj2,prometheus-kube-prometheus-kubelet,0.0002762343066723091
total,https-metrics,/kubepods.slice/kubepods-burstable.slice/kubepods-burstable-pod76eeaae6_47b2_4109_838d_5b7fc2d64d31.slice,192.168.49.2:10250,kubelet,/metrics/cadvisor,hipster-shop,minikube,frontend-76dbbddfc5-7fpj2,prometheus-kube-prometheus-kubelet,0.0003070935172433949
total,https-metrics,/kubepods.slice/kubepods-burstable.slice/kubepods-burstable-pod76eeaae6_47b2_4109_838d_5b7fc2d64d31.slice,192.168.49.2:10250,kubelet,/metrics/cadvisor,hipster-shop,minikube,frontend-76dbbddfc5-7fpj2,prometheus-kube-prometheus-kubelet,0.0003024682977520147
total,https-metrics,/kubepods.slice/kubepods-burstable.slice/kubepods-burstable-pod76eeaae6_47b2_4109_838d_5b7fc2d64d31.slice,192.168.49.2:10250,kubelet,/metrics/cadvisor,hipster-shop,minikube,frontend-76dbbddfc5-7fpj2,prometheus-kube-prometheus-kubelet,0.0003177793648786723
total,https-metrics,/kubepods.slice/kubepods-burstable.slice/kubepods-burstable-pod76eeaae6_47b2_4109_838d_5b7fc2d64d31.slice,192.168.49.2:10250,kubelet,/metrics/cadvisor,hipster-shop,minikube,frontend-76dbbddfc5-7fpj2,prometheus-kube-prometheus-kubelet,0.00029613532499223885
total,https-metrics,/kubepods.slice/kubepods-burstable.slice/kubepods-burstable-pod76eeaae6_47b2_4109_838d_5b7fc2d64d31.slice,192.168.49.2:10250,kubelet,/metrics/cadvisor,hipster-shop,minikube,frontend-76dbbddfc5-7fpj2,prometheus-kube-prometheus-kubelet,0.00030138666799034224
total,https-metrics,/kubepods.slice/kubepods-burstable.slice/kubepods-burstable-pod76eeaae6_47b2_4109_838d_5b7fc2d64d31.slice,192.168.49.2:10250,kubelet,/metrics/cadvisor,hipster-shop,minikube,frontend-76dbbddfc5-7fpj2,prometheus-kube-prometheus-kubelet,0.0002963791996424255
total,https-metrics,/kubepods.slice/kubepods-burstable.slice/kubepods-burstable-pod76eeaae6_47b2_4109_838d_5b7fc2d64d31.slice,192.168.49.2:10250,kubelet,/metrics/cadvisor,hipster-shop,minikube,frontend-76dbbddfc5-7fpj2,prometheus-kube-prometheus-kubelet,0.0003205551838783404
total,https-metrics,/kubepods.slice/kubepods-burstable.slice/kubepods-burstable-pod76eeaae6_47b2_4109_838d_5b7fc2d64d31.slice,192.168.49.2:10250,kubelet,/metrics/cadvisor,hipster-shop,minikube,frontend-76dbbddfc5-7fpj2,prometheus-kube-prometheus-kubelet,0.0003054739310939775
total,https-metrics,/kubepods.slice/kubepods-burstable.slice/kubepods-burstable-pod76eeaae6_47b2_4109_838d_5b7fc2d64d31.slice,192.168.49.2:10250,kubelet,/metrics/cadvisor,hipster-shop,minikube,frontend-76dbbddfc5-7fpj2,prometheus-kube-prometheus-kubelet,0.0003079087926877139
total,https-metrics,/kubepods.slice/kubepods-burstable.slice/kubepods-burstable-pod76eeaae6_47b2_4109_838d_5b7fc2d64d31.slice,192.168.49.2:10250,kubelet,/metrics/cadvisor,hipster-shop,minikube,frontend-76dbbddfc5-7fpj2,prometheus-kube-prometheus-kubelet,0.00030915687076523595
total,https-metrics,/kubepods.slice/kubepods-burstable.slice/kubepods-burstable-pod76eeaae6_47b2_4109_838d_5b7fc2d64d31.slice,192.168.49.2:10250,kubelet,/metrics/cadvisor,hipster-shop,minikube,frontend-76dbbddfc5-7fpj2,prometheus-kube-prometheus-kubelet,0.0002884119580744539
total,https-metrics,/kubepods.slice/kubepods-burstable.slice/kubepods-burstable-pod76eeaae6_47b2_4109_838d_5b7fc2d64d31.slice,192.168.49.2:10250,kubelet,/metrics/cadvisor,hipster-shop,minikube,frontend-76dbbddfc5-7fpj2,prometheus-kube-prometheus-kubelet,0.0002779034664869584
total,https-metrics,/kubepods.slice/kubepods-burstable.slice/kubepods-burstable-pod76eeaae6_47b2_4109_838d_5b7fc2d64d31.slice,192.168.49.2:10250,kubelet,/metrics/cadvisor,hipster-shop,minikube,frontend-76dbbddfc5-7fpj2,prometheus-kube-prometheus-kubelet,0.0002752469346049046
total,https-metrics,/kubepods.slice/kubepods-burstable.slice/kubepods-burstable-pod76eeaae6_47b2_4109_838d_5b7fc2d64d31.slice,192.168.49.2:10250,kubelet,/metrics/cadvisor,hipster-shop,minikube,frontend-76dbbddfc5-7fpj2,prometheus-kube-prometheus-kubelet,0.00027096100374884163
total,https-metrics,/kubepods.slice/kubepods-burstable.slice/kubepods-burstable-pod76eeaae6_47b2_4109_838d_5b7fc2d64d31.slice,192.168.49.2:10250,kubelet,/metrics/cadvisor,hipster-shop,minikube,frontend-76dbbddfc5-7fpj2,prometheus-kube-prometheus-kubelet,0.0002986887225978427
total,https-metrics,/kubepods.slice/kubepods-burstable.slice/kubepods-burstable-pod76eeaae6_47b2_4109_838d_5b7fc2d64d31.slice,192.168.49.2:10250,kubelet,/metrics/cadvisor,hipster-shop,minikube,frontend-76dbbddfc5-7fpj2,prometheus-kube-prometheus-kubelet,0.0002756355990059802
total,https-metrics,/kubepods.slice/kubepods-burstable.slice/kubepods-burstable-pod76eeaae6_47b2_4109_838d_5b7fc2d64d31.slice,192.168.49.2:10250,kubelet,/metrics/cadvisor,hipster-shop,minikube,frontend-76dbbddfc5-7fpj2,prometheus-kube-prometheus-kubelet,0.000269880606971348
total,https-metrics,/kubepods.slice/kubepods-burstable.slice/kubepods-burstable-pod76eeaae6_47b2_4109_838d_5b7fc2d64d31.slice,192.168.49.2:10250,kubelet,/metrics/cadvisor,hipster-shop,minikube,frontend-76dbbddfc5-7fpj2,prometheus-kube-prometheus-kubelet,0.00025744952342143346
total,https-metrics,/kubepods.slice/kubepods-burstable.slice/kubepods-burstable-pod76eeaae6_47b2_4109_838d_5b7fc2d64d31.slice,192.168.49.2:10250,kubelet,/metrics/cadvisor,hipster-shop,minikube,frontend-76dbbddfc5-7fpj2,prometheus-kube-prometheus-kubelet,0.0002607109408853908
total,https-metrics,/kubepods.slice/kubepods-burstable.slice/kubepods-burstable-pod76eeaae6_47b2_4109_838d_5b7fc2d64d31.slice,192.168.49.2:10250,kubelet,/metrics/cadvisor,hipster-shop,minikube,frontend-76dbbddfc5-7fpj2,prometheus-kube-prometheus-kubelet,0.00025453094037985335
total,https-metrics,/kubepods.slice/kubepods-burstable.slice/kubepods-burstable-pod76eeaae6_47b2_4109_838d_5b7fc2d64d31.slice,192.168.49.2:10250,kubelet,/metrics/cadvisor,hipster-shop,minikube,frontend-76dbbddfc5-7fpj2,prometheus-kube-prometheus-kubelet,0.0002626149066560746
total,https-metrics,/kubepods.slice/kubepods-burstable.slice/kubepods-burstable-pod76eeaae6_47b2_4109_838d_5b7fc2d64d31.slice,192.168.49.2:10250,kubelet,/metrics/cadvisor,hipster-shop,minikube,frontend-76dbbddfc5-7fpj2,prometheus-kube-prometheus-kubelet,0.0002487739901731009
total,https-metrics,/kubepods.slice/kubepods-burstable.slice/kubepods-burstable-pod76eeaae6_47b2_4109_838d_5b7fc2d64d31.slice,192.168.49.2:10250,kubelet,/metrics/cadvisor,hipster-shop,minikube,frontend-76dbbddfc5-7fpj2,prometheus-kube-prometheus-kubelet,0.0002249670075879427
total,https-metrics,/kubepods.slice/kubepods-burstable.slice/kubepods-burstable-pod76eeaae6_47b2_4109_838d_5b7fc2d64d31.slice,192.168.49.2:10250,kubelet,/metrics/cadvisor,hipster-shop,minikube,frontend-76dbbddfc5-7fpj2,prometheus-kube-prometheus-kubelet,0.00017388016835655814
total,https-metrics,/kubepods.slice/kubepods-burstable.slice/kubepods-burstable-pod76eeaae6_47b2_4109_838d_5b7fc2d64d31.slice,192.168.49.2:10250,kubelet,/metrics/cadvisor,hipster-shop,minikube,frontend-76dbbddfc5-7fpj2,prometheus-kube-prometheus-kubelet,0.00014901194195474692
total,https-metrics,/kubepods.slice/kubepods-burstable.slice/kubepods-burstable-pod76eeaae6_47b2_4109_838d_5b7fc2d64d31.slice,192.168.49.2:10250,kubelet,/metrics/cadvisor,hipster-shop,minikube,frontend-76dbbddfc5-7fpj2,prometheus-kube-prometheus-kubelet,0.00013009393928335023
total,https-metrics,/kubepods.slice/kubepods-burstable.slice/kubepods-burstable-pod76eeaae6_47b2_4109_838d_5b7fc2d64d31.slice,192.168.49.2:10250,kubelet,/metrics/cadvisor,hipster-shop,minikube,frontend-76dbbddfc5-7fpj2,prometheus-kube-prometheus-kubelet,0.00010761862523251164
total,https-metrics,/kubepods.slice/kubepods-burstable.slice/kubepods-burstable-pod76eeaae6_47b2_4109_838d_5b7fc2d64d31.slice,192.168.49.2:10250,kubelet,/metrics/cadvisor,hipster-shop,minikube,frontend-76dbbddfc5-7fpj2,prometheus-kube-prometheus-kubelet,8.408607557594006e-05
total,https-metrics,/kubepods.slice/kubepods-burstable.slice/kubepods-burstable-pod76eeaae6_47b2_4109_838d_5b7fc2d64d31.slice,192.168.49.2:10250,kubelet,/metrics/cadvisor,hipster-shop,minikube,frontend-76dbbddfc5-7fpj2,prometheus-kube-prometheus-kubelet,5.728601564975458e-05
total,https-metrics,/kubepods.slice/kubepods-burstable.slice/kubepods-burstable-pod76eeaae6_47b2_4109_838d_5b7fc2d64d31.slice,192.168.49.2:10250,kubelet,/metrics/cadvisor,hipster-shop,minikube,frontend-76dbbddfc5-7fpj2,prometheus-kube-prometheus-kubelet,3.97355754188267e-05
total,https-metrics,/kubepods.slice/kubepods-burstable.slice/kubepods-burstable-pod79d94c8f_6205_432c_9c22_5ec2ad07d888.slice,192.168.49.2:10250,kubelet,/metrics/cadvisor,hipster-shop,minikube,frontend-76dbbddfc5-5p8q8,prometheus-kube-prometheus-kubelet,4.1069622185051875e-05
total,https-metrics,/kubepods.slice/kubepods-burstable.slice/kubepods-burstable-pod79d94c8f_6205_432c_9c22_5ec2ad07d888.slice,192.168.49.2:10250,kubelet,/metrics/cadvisor,hipster-shop,minikube,frontend-76dbbddfc5-5p8q8,prometheus-kube-prometheus-kubelet,0.00011646417442158289
total,https-metrics,/kubepods.slice/kubepods-burstable.slice/kubepods-burstable-pod79d94c8f_6205_432c_9c22_5ec2ad07d888.slice,192.168.49.2:10250,kubelet,/metrics/cadvisor,hipster-shop,minikube,frontend-76dbbddfc5-5p8q8,prometheus-kube-prometheus-kubelet,0.00014808133568678668
total,https-metrics,/kubepods.slice/kubepods-burstable.slice/kubepods-burstable-pod79d94c8f_6205_432c_9c22_5ec2ad07d888.slice,192.168.49.2:10250,kubelet,/metrics/cadvisor,hipster-shop,minikube,frontend-76dbbddfc5-5p8q8,prometheus-kube-prometheus-kubelet,0.00017897841395674922
total,https-metrics,/kubepods.slice/kubepods-burstable.slice/kubepods-burstable-pod79d94c8f_6205_432c_9c22_5ec2ad07d888.slice,192.168.49.2:10250,kubelet,/metrics/cadvisor,hipster-shop,minikube,frontend-76dbbddfc5-5p8q8,prometheus-kube-prometheus-kubelet,0.0002147126630855216
total,https-metrics,/kubepods.slice/kubepods-burstable.slice/kubepods-burstable-pod79d94c8f_6205_432c_9c22_5ec2ad07d888.slice,192.168.49.2:10250,kubelet,/metrics/cadvisor,hipster-shop,minikube,frontend-76dbbddfc5-5p8q8,prometheus-kube-prometheus-kubelet,0.0002211843333333334
total,https-metrics,/kubepods.slice/kubepods-burstable.slice/kubepods-burstable-pod851ddda3_bbf0_48bf_9fb8_8d3d0721a9db.slice,192.168.49.2:10250,kubelet,/metrics/cadvisor,hipster-shop,minikube,frontend-76dbbddfc5-vc5rx,prometheus-kube-prometheus-kubelet,6.273340868900246e-05
total,https-metrics,/kubepods.slice/kubepods-burstable.slice/kubepods-burstable-pod851ddda3_bbf0_48bf_9fb8_8d3d0721a9db.slice,192.168.49.2:10250,kubelet,/metrics/cadvisor,hipster-shop,minikube,frontend-76dbbddfc5-vc5rx,prometheus-kube-prometheus-kubelet,9.834825750247904e-05
total,https-metrics,/kubepods.slice/kubepods-burstable.slice/kubepods-burstable-pod851ddda3_bbf0_48bf_9fb8_8d3d0721a9db.slice,192.168.49.2:10250,kubelet,/metrics/cadvisor,hipster-shop,minikube,frontend-76dbbddfc5-vc5rx,prometheus-kube-prometheus-kubelet,9.170416666666655e-05
total,https-metrics,/kubepods.slice/kubepods-burstable.slice/kubepods-burstable-pod851ddda3_bbf0_48bf_9fb8_8d3d0721a9db.slice,192.168.49.2:10250,kubelet,/metrics/cadvisor,hipster-shop,minikube,frontend-76dbbddfc5-vc5rx,prometheus-kube-prometheus-kubelet,9.170416666666655e-05
total,https-metrics,/kubepods.slice/kubepods-burstable.slice/kubepods-burstable-pod851ddda3_bbf0_48bf_9fb8_8d3d0721a9db.slice,192.168.49.2:10250,kubelet,/metrics/cadvisor,hipster-shop,minikube,frontend-76dbbddfc5-vc5rx,prometheus-kube-prometheus-kubelet,9.170416666666655e-05
total,https-metrics,/kubepods.slice/kubepods-burstable.slice/kubepods-burstable-pod851ddda3_bbf0_48bf_9fb8_8d3d0721a9db.slice,192.168.49.2:10250,kubelet,/metrics/cadvisor,hipster-shop,minikube,frontend-76dbbddfc5-vc5rx,prometheus-kube-prometheus-kubelet,9.170416666666655e-05
total,https-metrics,/kubepods.slice/kubepods-burstable.slice/kubepods-burstable-pod851ddda3_bbf0_48bf_9fb8_8d3d0721a9db.slice,192.168.49.2:10250,kubelet,/metrics/cadvisor,hipster-shop,minikube,frontend-76dbbddfc5-vc5rx,prometheus-kube-prometheus-kubelet,9.170416666666655e-05
total,https-metrics,/kubepods.slice/kubepods-burstable.slice/kubepods-burstable-pod851ddda3_bbf0_48bf_9fb8_8d3d0721a9db.slice,192.168.49.2:10250,kubelet,/metrics/cadvisor,hipster-shop,minikube,frontend-76dbbddfc5-vc5rx,prometheus-kube-prometheus-kubelet,9.170416666666655e-05
total,https-metrics,/kubepods.slice/kubepods-burstable.slice/kubepods-burstable-pod851ddda3_bbf0_48bf_9fb8_8d3d0721a9db.slice,192.168.49.2:10250,kubelet,/metrics/cadvisor,hipster-shop,minikube,frontend-76dbbddfc5-vc5rx,prometheus-kube-prometheus-kubelet,0.00010069419538010924
total,https-metrics,/kubepods.slice/kubepods-burstable.slice/kubepods-burstable-pod851ddda3_bbf0_48bf_9fb8_8d3d0721a9db.slice,192.168.49.2:10250,kubelet,/metrics/cadvisor,hipster-shop,minikube,frontend-76dbbddfc5-vc5rx,prometheus-kube-prometheus-kubelet,6.94239982759102e-05
total,https-metrics,/kubepods.slice/kubepods-burstable.slice/kubepods-burstable-podb5c91645_1aad_4a8d_abf7_e0d1729d4d0c.slice,192.168.49.2:10250,kubelet,/metrics/cadvisor,hipster-shop,minikube,frontend-76dbbddfc5-rblbn,prometheus-kube-prometheus-kubelet,4.093050494428458e-05
total,https-metrics,/kubepods.slice/kubepods-burstable.slice/kubepods-burstable-podb5c91645_1aad_4a8d_abf7_e0d1729d4d0c.slice,192.168.49.2:10250,kubelet,/metrics/cadvisor,hipster-shop,minikube,frontend-76dbbddfc5-rblbn,prometheus-kube-prometheus-kubelet,6.964722243410055e-05
total,https-metrics,/kubepods.slice/kubepods-burstable.slice/kubepods-burstable-podf13c2ab7_7344_40ab_a97c_5c26f26f8444.slice,192.168.49.2:10250,kubelet,/metrics/cadvisor,hipster-shop,minikube,frontend-76dbbddfc5-47cvw,prometheus-kube-prometheus-kubelet,6.408281311930247e-05
total,https-metrics,/kubepods.slice/kubepods-burstable.slice/kubepods-burstable-podf13c2ab7_7344_40ab_a97c_5c26f26f8444.slice,192.168.49.2:10250,kubelet,/metrics/cadvisor,hipster-shop,minikube,frontend-76dbbddfc5-47cvw,prometheus-kube-prometheus-kubelet,7.669777777777776e-05
total,https-metrics,/kubepods.slice/kubepods-burstable.slice/kubepods-burstable-podf13c2ab7_7344_40ab_a97c_5c26f26f8444.slice,192.168.49.2:10250,kubelet,/metrics/cadvisor,hipster-shop,minikube,frontend-76dbbddfc5-47cvw,prometheus-kube-prometheus-kubelet,7.669777777777776e-05
total,https-metrics,/kubepods.slice/kubepods-burstable.slice/kubepods-burstable-podf13c2ab7_7344_40ab_a97c_5c26f26f8444.slice,192.168.49.2:10250,kubelet,/metrics/cadvisor,hipster-shop,minikube,frontend-76dbbddfc5-47cvw,prometheus-kube-prometheus-kubelet,7.669777777777776e-05
total,https-metrics,/kubepods.slice/kubepods-burstable.slice/kubepods-burstable-podf13c2ab7_7344_40ab_a97c_5c26f26f8444.slice,192.168.49.2:10250,kubelet,/metrics/cadvisor,hipster-shop,minikube,frontend-76dbbddfc5-47cvw,prometheus-kube-prometheus-kubelet,7.669777777777776e-05
total,https-metrics,/kubepods.slice/kubepods-burstable.slice/kubepods-burstable-podf13c2ab7_7344_40ab_a97c_5c26f26f8444.slice,192.168.49.2:10250,kubelet,/metrics/cadvisor,hipster-shop,minikube,frontend-76dbbddfc5-47cvw,prometheus-kube-prometheus-kubelet,7.669777777777776e-05
total,https-metrics,/kubepods.slice/kubepods-burstable.slice/kubepods-burstable-podf13c2ab7_7344_40ab_a97c_5c26f26f8444.slice,192.168.49.2:10250,kubelet,/metrics/cadvisor,hipster-shop,minikube,frontend-76dbbddfc5-47cvw,prometheus-kube-prometheus-kubelet,7.669777777777776e-05
total,https-metrics,/kubepods.slice/kubepods-burstable.slice/kubepods-burstable-podf13c2ab7_7344_40ab_a97c_5c26f26f8444.slice,192.168.49.2:10250,kubelet,/metrics/cadvisor,hipster-shop,minikube,frontend-76dbbddfc5-47cvw,prometheus-kube-prometheus-kubelet,7.669777777777776e-05
total,https-metrics,/kubepods.slice/kubepods-burstable.slice/kubepods-burstable-podf13c2ab7_7344_40ab_a97c_5c26f26f8444.slice,192.168.49.2:10250,kubelet,/metrics/cadvisor,hipster-shop,minikube,frontend-76dbbddfc5-47cvw,prometheus-kube-prometheus-kubelet,7.669777777777776e-05
total,https-metrics,/kubepods.slice/kubepods-burstable.slice/kubepods-burstable-podf13c2ab7_7344_40ab_a97c_5c26f26f8444.slice,192.168.49.2:10250,kubelet,/metrics/cadvisor,hipster-shop,minikube,frontend-76dbbddfc5-47cvw,prometheus-kube-prometheus-kubelet,5.965103503712087e-05
total,https-metrics,/kubepods.slice/kubepods-burstable.slice/kubepods-burstable-podfd521c6d_60d2_414e_a677_7c0a96fa753f.slice,192.168.49.2:10250,kubelet,/metrics/cadvisor,hipster-shop,minikube,frontend-76dbbddfc5-qtpjp,prometheus-kube-prometheus-kubelet,0.05793565343795965
total,https-metrics,/kubepods.slice/kubepods-burstable.slice/kubepods-burstable-podfd521c6d_60d2_414e_a677_7c0a96fa753f.slice,192.168.49.2:10250,kubelet,/metrics/cadvisor,hipster-shop,minikube,frontend-76dbbddfc5-qtpjp,prometheus-kube-prometheus-kubelet,0.05827469907091241
total,https-metrics,/kubepods.slice/kubepods-burstable.slice/kubepods-burstable-podfd521c6d_60d2_414e_a677_7c0a96fa753f.slice,192.168.49.2:10250,kubelet,/metrics/cadvisor,hipster-shop,minikube,frontend-76dbbddfc5-qtpjp,prometheus-kube-prometheus-kubelet,0.05852447246543848
total,https-metrics,/kubepods.slice/kubepods-burstable.slice/kubepods-burstable-podfd521c6d_60d2_414e_a677_7c0a96fa753f.slice,192.168.49.2:10250,kubelet,/metrics/cadvisor,hipster-shop,minikube,frontend-76dbbddfc5-qtpjp,prometheus-kube-prometheus-kubelet,0.0583928152786117
total,https-metrics,/kubepods.slice/kubepods-burstable.slice/kubepods-burstable-podfd521c6d_60d2_414e_a677_7c0a96fa753f.slice,192.168.49.2:10250,kubelet,/metrics/cadvisor,hipster-shop,minikube,frontend-76dbbddfc5-qtpjp,prometheus-kube-prometheus-kubelet,0.058034311334289525
total,https-metrics,/kubepods.slice/kubepods-burstable.slice/kubepods-burstable-podfd521c6d_60d2_414e_a677_7c0a96fa753f.slice,192.168.49.2:10250,kubelet,/metrics/cadvisor,hipster-shop,minikube,frontend-76dbbddfc5-qtpjp,prometheus-kube-prometheus-kubelet,0.05815086883692304
total,https-metrics,/kubepods.slice/kubepods-burstable.slice/kubepods-burstable-podfd521c6d_60d2_414e_a677_7c0a96fa753f.slice,192.168.49.2:10250,kubelet,/metrics/cadvisor,hipster-shop,minikube,frontend-76dbbddfc5-qtpjp,prometheus-kube-prometheus-kubelet,0.05847535219805498
total,https-metrics,/kubepods.slice/kubepods-burstable.slice/kubepods-burstable-podfd521c6d_60d2_414e_a677_7c0a96fa753f.slice,192.168.49.2:10250,kubelet,/metrics/cadvisor,hipster-shop,minikube,frontend-76dbbddfc5-qtpjp,prometheus-kube-prometheus-kubelet,0.05606908606878547
total,https-metrics,/kubepods.slice/kubepods-burstable.slice/kubepods-burstable-podfd521c6d_60d2_414e_a677_7c0a96fa753f.slice,192.168.49.2:10250,kubelet,/metrics/cadvisor,hipster-shop,minikube,frontend-76dbbddfc5-qtpjp,prometheus-kube-prometheus-kubelet,0.05862495734673845
total,https-metrics,/kubepods.slice/kubepods-burstable.slice/kubepods-burstable-podfd521c6d_60d2_414e_a677_7c0a96fa753f.slice,192.168.49.2:10250,kubelet,/metrics/cadvisor,hipster-shop,minikube,frontend-76dbbddfc5-qtpjp,prometheus-kube-prometheus-kubelet,0.058778167596889884
total,https-metrics,/kubepods.slice/kubepods-burstable.slice/kubepods-burstable-podfd521c6d_60d2_414e_a677_7c0a96fa753f.slice,192.168.49.2:10250,kubelet,/metrics/cadvisor,hipster-shop,minikube,frontend-76dbbddfc5-qtpjp,prometheus-kube-prometheus-kubelet,0.05906377372062646
total,https-metrics,/kubepods.slice/kubepods-burstable.slice/kubepods-burstable-podfd521c6d_60d2_414e_a677_7c0a96fa753f.slice,192.168.49.2:10250,kubelet,/metrics/cadvisor,hipster-shop,minikube,frontend-76dbbddfc5-qtpjp,prometheus-kube-prometheus-kubelet,0.05846661649587491
total,https-metrics,/kubepods.slice/kubepods-burstable.slice/kubepods-burstable-podfd521c6d_60d2_414e_a677_7c0a96fa753f.slice,192.168.49.2:10250,kubelet,/metrics/cadvisor,hipster-shop,minikube,frontend-76dbbddfc5-qtpjp,prometheus-kube-prometheus-kubelet,0.05867406968777854
total,https-metrics,/kubepods.slice/kubepods-burstable.slice/kubepods-burstable-podfd521c6d_60d2_414e_a677_7c0a96fa753f.slice,192.168.49.2:10250,kubelet,/metrics/cadvisor,hipster-shop,minikube,frontend-76dbbddfc5-qtpjp,prometheus-kube-prometheus-kubelet,0.05921412654184276
total,https-metrics,/kubepods.slice/kubepods-burstable.slice/kubepods-burstable-podfd521c6d_60d2_414e_a677_7c0a96fa753f.slice,192.168.49.2:10250,kubelet,/metrics/cadvisor,hipster-shop,minikube,frontend-76dbbddfc5-qtpjp,prometheus-kube-prometheus-kubelet,0.05980214901109302
total,https-metrics,/kubepods.slice/kubepods-burstable.slice/kubepods-burstable-podfd521c6d_60d2_414e_a677_7c0a96fa753f.slice,192.168.49.2:10250,kubelet,/metrics/cadvisor,hipster-shop,minikube,frontend-76dbbddfc5-qtpjp,prometheus-kube-prometheus-kubelet,0.05738290813914883
total,https-metrics,/kubepods.slice/kubepods-burstable.slice/kubepods-burstable-podfd521c6d_60d2_414e_a677_7c0a96fa753f.slice,192.168.49.2:10250,kubelet,/metrics/cadvisor,hipster-shop,minikube,frontend-76dbbddfc5-qtpjp,prometheus-kube-prometheus-kubelet,0.05881007236638778
total,https-metrics,/kubepods.slice/kubepods-burstable.slice/kubepods-burstable-podfd521c6d_60d2_414e_a677_7c0a96fa753f.slice,192.168.49.2:10250,kubelet,/metrics/cadvisor,hipster-shop,minikube,frontend-76dbbddfc5-qtpjp,prometheus-kube-prometheus-kubelet,0.05854432038143297
total,https-metrics,/kubepods.slice/kubepods-burstable.slice/kubepods-burstable-podfd521c6d_60d2_414e_a677_7c0a96fa753f.slice,192.168.49.2:10250,kubelet,/metrics/cadvisor,hipster-shop,minikube,frontend-76dbbddfc5-qtpjp,prometheus-kube-prometheus-kubelet,0.05618512679133481
total,https-metrics,/kubepods.slice/kubepods-burstable.slice/kubepods-burstable-podfd521c6d_60d2_414e_a677_7c0a96fa753f.slice,192.168.49.2:10250,kubelet,/metrics/cadvisor,hipster-shop,minikube,frontend-76dbbddfc5-qtpjp,prometheus-kube-prometheus-kubelet,0.059527862812373836
total,https-metrics,/kubepods.slice/kubepods-burstable.slice/kubepods-burstable-podfd521c6d_60d2_414e_a677_7c0a96fa753f.slice,192.168.49.2:10250,kubelet,/metrics/cadvisor,hipster-shop,minikube,frontend-76dbbddfc5-qtpjp,prometheus-kube-prometheus-kubelet,0.05957241558940056
total,https-metrics,/kubepods.slice/kubepods-burstable.slice/kubepods-burstable-podfd521c6d_60d2_414e_a677_7c0a96fa753f.slice,192.168.49.2:10250,kubelet,/metrics/cadvisor,hipster-shop,minikube,frontend-76dbbddfc5-qtpjp,prometheus-kube-prometheus-kubelet,0.059710979035268924
total,https-metrics,/kubepods.slice/kubepods-burstable.slice/kubepods-burstable-podfd521c6d_60d2_414e_a677_7c0a96fa753f.slice,192.168.49.2:10250,kubelet,/metrics/cadvisor,hipster-shop,minikube,frontend-76dbbddfc5-qtpjp,prometheus-kube-prometheus-kubelet,0.05964533434467039
total,https-metrics,/kubepods.slice/kubepods-burstable.slice/kubepods-burstable-podfd521c6d_60d2_414e_a677_7c0a96fa753f.slice,192.168.49.2:10250,kubelet,/metrics/cadvisor,hipster-shop,minikube,frontend-76dbbddfc5-qtpjp,prometheus-kube-prometheus-kubelet,0.059929750647245816
total,https-metrics,/kubepods.slice/kubepods-burstable.slice/kubepods-burstable-podfd521c6d_60d2_414e_a677_7c0a96fa753f.slice,192.168.49.2:10250,kubelet,/metrics/cadvisor,hipster-shop,minikube,frontend-76dbbddfc5-qtpjp,prometheus-kube-prometheus-kubelet,0.06042767827321322
total,https-metrics,/kubepods.slice/kubepods-burstable.slice/kubepods-burstable-podfd521c6d_60d2_414e_a677_7c0a96fa753f.slice,192.168.49.2:10250,kubelet,/metrics/cadvisor,hipster-shop,minikube,frontend-76dbbddfc5-qtpjp,prometheus-kube-prometheus-kubelet,0.06405730792010277
total,https-metrics,/kubepods.slice/kubepods-burstable.slice/kubepods-burstable-podfd521c6d_60d2_414e_a677_7c0a96fa753f.slice,192.168.49.2:10250,kubelet,/metrics/cadvisor,hipster-shop,minikube,frontend-76dbbddfc5-qtpjp,prometheus-kube-prometheus-kubelet,0.06689003004261841
total,https-metrics,/kubepods.slice/kubepods-burstable.slice/kubepods-burstable-podfd521c6d_60d2_414e_a677_7c0a96fa753f.slice,192.168.49.2:10250,kubelet,/metrics/cadvisor,hipster-shop,minikube,frontend-76dbbddfc5-qtpjp,prometheus-kube-prometheus-kubelet,0.06934267565190319
total,https-metrics,/kubepods.slice/kubepods-burstable.slice/kubepods-burstable-podfd521c6d_60d2_414e_a677_7c0a96fa753f.slice,192.168.49.2:10250,kubelet,/metrics/cadvisor,hipster-shop,minikube,frontend-76dbbddfc5-qtpjp,prometheus-kube-prometheus-kubelet,0.07125054179985929
total,https-metrics,/kubepods.slice/kubepods-burstable.slice/kubepods-burstable-podfd521c6d_60d2_414e_a677_7c0a96fa753f.slice,192.168.49.2:10250,kubelet,/metrics/cadvisor,hipster-shop,minikube,frontend-76dbbddfc5-qtpjp,prometheus-kube-prometheus-kubelet,0.07350854757349075
total,https-metrics,/kubepods.slice/kubepods-burstable.slice/kubepods-burstable-podfd521c6d_60d2_414e_a677_7c0a96fa753f.slice,192.168.49.2:10250,kubelet,/metrics/cadvisor,hipster-shop,minikube,frontend-76dbbddfc5-qtpjp,prometheus-kube-prometheus-kubelet,0.07577649689422997
total,https-metrics,/kubepods.slice/kubepods-burstable.slice/kubepods-burstable-podfd521c6d_60d2_414e_a677_7c0a96fa753f.slice,192.168.49.2:10250,kubelet,/metrics/cadvisor,hipster-shop,minikube,frontend-76dbbddfc5-qtpjp,prometheus-kube-prometheus-kubelet,0.07821657470173272
total,https-metrics,/kubepods.slice/kubepods-burstable.slice/kubepods-burstable-podfd521c6d_60d2_414e_a677_7c0a96fa753f.slice,192.168.49.2:10250,kubelet,/metrics/cadvisor,hipster-shop,minikube,frontend-76dbbddfc5-qtpjp,prometheus-kube-prometheus-kubelet,0.07958033884139742
total,https-metrics,/kubepods.slice/kubepods-burstable.slice/kubepods-burstable-podfd521c6d_60d2_414e_a677_7c0a96fa753f.slice,192.168.49.2:10250,kubelet,/metrics/cadvisor,hipster-shop,minikube,frontend-76dbbddfc5-qtpjp,prometheus-kube-prometheus-kubelet,0.08017857325370277
total,https-metrics,/kubepods.slice/kubepods-burstable.slice/kubepods-burstable-podfd521c6d_60d2_414e_a677_7c0a96fa753f.slice,192.168.49.2:10250,kubelet,/metrics/cadvisor,hipster-shop,minikube,frontend-76dbbddfc5-qtpjp,prometheus-kube-prometheus-kubelet,0.08008071255694744
total,https-metrics,/kubepods.slice/kubepods-burstable.slice/kubepods-burstable-podfd521c6d_60d2_414e_a677_7c0a96fa753f.slice,192.168.49.2:10250,kubelet,/metrics/cadvisor,hipster-shop,minikube,frontend-76dbbddfc5-qtpjp,prometheus-kube-prometheus-kubelet,0.07993000599948553
total,https-metrics,/kubepods.slice/kubepods-burstable.slice/kubepods-burstable-podfd521c6d_60d2_414e_a677_7c0a96fa753f.slice,192.168.49.2:10250,kubelet,/metrics/cadvisor,hipster-shop,minikube,frontend-76dbbddfc5-qtpjp,prometheus-kube-prometheus-kubelet,0.08040701560392585
total,https-metrics,/kubepods.slice/kubepods-burstable.slice/kubepods-burstable-podfd521c6d_60d2_414e_a677_7c0a96fa753f.slice,192.168.49.2:10250,kubelet,/metrics/cadvisor,hipster-shop,minikube,frontend-76dbbddfc5-qtpjp,prometheus-kube-prometheus-kubelet,0.08077598680444241
total,https-metrics,/kubepods.slice/kubepods-burstable.slice/kubepods-burstable-podfd521c6d_60d2_414e_a677_7c0a96fa753f.slice,192.168.49.2:10250,kubelet,/metrics/cadvisor,hipster-shop,minikube,frontend-76dbbddfc5-qtpjp,prometheus-kube-prometheus-kubelet,0.07826260662764695
total,https-metrics,/kubepods.slice/kubepods-burstable.slice/kubepods-burstable-podfd521c6d_60d2_414e_a677_7c0a96fa753f.slice,192.168.49.2:10250,kubelet,/metrics/cadvisor,hipster-shop,minikube,frontend-76dbbddfc5-qtpjp,prometheus-kube-prometheus-kubelet,0.07598789974380571
total,https-metrics,/kubepods.slice/kubepods-burstable.slice/kubepods-burstable-podfd521c6d_60d2_414e_a677_7c0a96fa753f.slice,192.168.49.2:10250,kubelet,/metrics/cadvisor,hipster-shop,minikube,frontend-76dbbddfc5-qtpjp,prometheus-kube-prometheus-kubelet,0.071738409153591
total,https-metrics,/kubepods.slice/kubepods-burstable.slice/kubepods-burstable-podfd521c6d_60d2_414e_a677_7c0a96fa753f.slice,192.168.49.2:10250,kubelet,/metrics/cadvisor,hipster-shop,minikube,frontend-76dbbddfc5-qtpjp,prometheus-kube-prometheus-kubelet,0.07469677860878919
total,https-metrics,/kubepods.slice/kubepods-burstable.slice/kubepods-burstable-podfd521c6d_60d2_414e_a677_7c0a96fa753f.slice,192.168.49.2:10250,kubelet,/metrics/cadvisor,hipster-shop,minikube,frontend-76dbbddfc5-qtpjp,prometheus-kube-prometheus-kubelet,0.07466970828051142
total,https-metrics,/kubepods.slice/kubepods-burstable.slice/kubepods-burstable-podfd521c6d_60d2_414e_a677_7c0a96fa753f.slice,192.168.49.2:10250,kubelet,/metrics/cadvisor,hipster-shop,minikube,frontend-76dbbddfc5-qtpjp,prometheus-kube-prometheus-kubelet,0.07725846383885744
total,https-metrics,/kubepods.slice/kubepods-burstable.slice/kubepods-burstable-podfd521c6d_60d2_414e_a677_7c0a96fa753f.slice,192.168.49.2:10250,kubelet,/metrics/cadvisor,hipster-shop,minikube,frontend-76dbbddfc5-qtpjp,prometheus-kube-prometheus-kubelet,0.07722376737022044
total,https-metrics,/kubepods.slice/kubepods-burstable.slice/kubepods-burstable-podfd521c6d_60d2_414e_a677_7c0a96fa753f.slice,192.168.49.2:10250,kubelet,/metrics/cadvisor,hipster-shop,minikube,frontend-76dbbddfc5-qtpjp,prometheus-kube-prometheus-kubelet,0.07693360177844888
total,https-metrics,/kubepods.slice/kubepods-burstable.slice/kubepods-burstable-podfd521c6d_60d2_414e_a677_7c0a96fa753f.slice,192.168.49.2:10250,kubelet,/metrics/cadvisor,hipster-shop,minikube,frontend-76dbbddfc5-qtpjp,prometheus-kube-prometheus-kubelet,0.07627785484571942
total,https-metrics,/kubepods.slice/kubepods-burstable.slice/kubepods-burstable-podfd521c6d_60d2_414e_a677_7c0a96fa753f.slice,192.168.49.2:10250,kubelet,/metrics/cadvisor,hipster-shop,minikube,frontend-76dbbddfc5-qtpjp,prometheus-kube-prometheus-kubelet,0.07643675612602097
total,https-metrics,/kubepods.slice/kubepods-burstable.slice/kubepods-burstable-podfd521c6d_60d2_414e_a677_7c0a96fa753f.slice,192.168.49.2:10250,kubelet,/metrics/cadvisor,hipster-shop,minikube,frontend-76dbbddfc5-qtpjp,prometheus-kube-prometheus-kubelet,0.07856343382676614
total,https-metrics,/kubepods.slice/kubepods-burstable.slice/kubepods-burstable-podfd521c6d_60d2_414e_a677_7c0a96fa753f.slice,192.168.49.2:10250,kubelet,/metrics/cadvisor,hipster-shop,minikube,frontend-76dbbddfc5-qtpjp,prometheus-kube-prometheus-kubelet,0.07864182940103649
total,https-metrics,/kubepods.slice/kubepods-burstable.slice/kubepods-burstable-podfd521c6d_60d2_414e_a677_7c0a96fa753f.slice,192.168.49.2:10250,kubelet,/metrics/cadvisor,hipster-shop,minikube,frontend-76dbbddfc5-qtpjp,prometheus-kube-prometheus-kubelet,0.07871357163800008
total,https-metrics,/kubepods.slice/kubepods-burstable.slice/kubepods-burstable-podfd521c6d_60d2_414e_a677_7c0a96fa753f.slice,192.168.49.2:10250,kubelet,/metrics/cadvisor,hipster-shop,minikube,frontend-76dbbddfc5-qtpjp,prometheus-kube-prometheus-kubelet,0.07972944199706307
total,https-metrics,/kubepods.slice/kubepods-burstable.slice/kubepods-burstable-podfd521c6d_60d2_414e_a677_7c0a96fa753f.slice,192.168.49.2:10250,kubelet,/metrics/cadvisor,hipster-shop,minikube,frontend-76dbbddfc5-qtpjp,prometheus-kube-prometheus-kubelet,0.0794717262107139
total,https-metrics,/kubepods.slice/kubepods-burstable.slice/kubepods-burstable-podfd521c6d_60d2_414e_a677_7c0a96fa753f.slice,192.168.49.2:10250,kubelet,/metrics/cadvisor,hipster-shop,minikube,frontend-76dbbddfc5-qtpjp,prometheus-kube-prometheus-kubelet,0.07703809943498172
total,https-metrics,/kubepods.slice/kubepods-burstable.slice/kubepods-burstable-podfd521c6d_60d2_414e_a677_7c0a96fa753f.slice,192.168.49.2:10250,kubelet,/metrics/cadvisor,hipster-shop,minikube,frontend-76dbbddfc5-qtpjp,prometheus-kube-prometheus-kubelet,0.07336321285574178
total,https-metrics,/kubepods.slice/kubepods-burstable.slice/kubepods-burstable-podfd521c6d_60d2_414e_a677_7c0a96fa753f.slice,192.168.49.2:10250,kubelet,/metrics/cadvisor,hipster-shop,minikube,frontend-76dbbddfc5-qtpjp,prometheus-kube-prometheus-kubelet,0.07556121239017813
total,https-metrics,/kubepods.slice/kubepods-burstable.slice/kubepods-burstable-podfd521c6d_60d2_414e_a677_7c0a96fa753f.slice,192.168.49.2:10250,kubelet,/metrics/cadvisor,hipster-shop,minikube,frontend-76dbbddfc5-qtpjp,prometheus-kube-prometheus-kubelet,0.07598342825761849
total,https-metrics,/kubepods.slice/kubepods-burstable.slice/kubepods-burstable-podfd521c6d_60d2_414e_a677_7c0a96fa753f.slice,192.168.49.2:10250,kubelet,/metrics/cadvisor,hipster-shop,minikube,frontend-76dbbddfc5-qtpjp,prometheus-kube-prometheus-kubelet,0.07446347586092097
total,https-metrics,/kubepods.slice/kubepods-burstable.slice/kubepods-burstable-podfd521c6d_60d2_414e_a677_7c0a96fa753f.slice,192.168.49.2:10250,kubelet,/metrics/cadvisor,hipster-shop,minikube,frontend-76dbbddfc5-qtpjp,prometheus-kube-prometheus-kubelet,0.07441373251122238
total,https-metrics,/kubepods.slice/kubepods-burstable.slice/kubepods-burstable-podfd521c6d_60d2_414e_a677_7c0a96fa753f.slice,192.168.49.2:10250,kubelet,/metrics/cadvisor,hipster-shop,minikube,frontend-76dbbddfc5-qtpjp,prometheus-kube-prometheus-kubelet,0.07419322961109213
total,https-metrics,/kubepods.slice/kubepods-burstable.slice/kubepods-burstable-podfd521c6d_60d2_414e_a677_7c0a96fa753f.slice,192.168.49.2:10250,kubelet,/metrics/cadvisor,hipster-shop,minikube,frontend-76dbbddfc5-qtpjp,prometheus-kube-prometheus-kubelet,0.0702196738654601
